Label,# Samples,Average,Median,90% Line,95% Line,99% Line,Min,Max,Error %,Throughput,Received KB/sec,Sent KB/sec
CCB_S0_00_OpenApplication,63,1292,18,2420,9633,15831,8,15855,0.000%,.05898,0.38,0.03
CCB_S0_00_SubmitLogin,63,3246,56,3458,22886,50048,18,67167,1.587%,.05774,0.10,0.13
CCB_S1_01_A_NavigateToCustcare_Billing,118,28040,9853,73637,118118,179559,2440,188333,0.000%,.06546,8.76,1.10
CCB_S1_01_B_CONSUMERSEARCH_NavigateToMenuCustomerSearch,114,3032,101,8843,12325,23933,0,86181,0.000%,.06457,0.54,0.14
CCB_S1_01_C_CONSUMERSEARCH_CustomerId_SubmitSearch,112,3090,1214,7946,15896,28491,29,29220,0.000%,.06338,0.06,0.09
CCB_S1_01_D_CONSUMERSEARCH_ViewCustomerDetails,112,45410,11242,150457,170737,208194,3095,237321,0.000%,.06243,2.23,2.52
CCB_S2_02_Bill_AccountContextMenu_GotoBill,110,12765,2249,39358,46416,80546,91,117690,0.000%,.06169,1.13,0.29
CCB_S2_08_A_BillCancellation_GotoAccountFinancialHistory,109,9092,2201,28703,41394,59639,123,73496,0.000%,.06375,0.11,0.16
CCB_S2_08_B_BillCancellation_OpenARecord,109,7065,1872,26222,32223,46554,73,57347,0.000%,.06265,0.04,0.16
CCB_S1_09_Financial Query_Account Financial History,109,10497,3977,27919,36209,86245,293,113730,0.917%,.06241,0.14,0.18
CCB_S1_11_ServicePoint _PremiseContetMenu_ServicePoint,108,19256,3530,63862,78342,103198,275,105060,0.000%,.06107,0.67,0.46
CCB_S1_12_ServiceAgreement_AccountContextMenu_ServiceAgreement,107,12254,2152,42620,55513,101883,103,131968,0.935%,.06099,1.37,0.30
CCB_S2_13_Adjustment_AccountContextMenu_GotoAdjustment,106,14566,2121,45181,67362,124724,90,131868,0.000%,.06041,0.88,0.29
CCB_S2_14_Adjustment_AccountContextMenu_RateCodeChange,105,21521,4453,62694,90166,119710,272,221720,0.952%,.05997,0.40,0.61
CCB_S3_16_Meter_+Meter,103,10366,2386,29659,50685,59115,127,90218,0.000%,.06253,0.61,0.16
CCB_S3_17_Meterconfiguration_+MeterConfiguration,103,4378,2048,12255,15638,27847,40,27893,0.000%,.06264,0.03,0.09
CCB_S2_18_Meterread_MeterConfiguration_ContextMenu_+MeterRead,103,15323,2317,50901,80076,132068,50,157036,0.000%,.06234,0.77,0.29
CCB_S3_19_AuditQuerybyTable/Field/Key_Audit Query by Table/Field/Key,103,3608,1708,7896,10418,28172,188,67939,0.000%,.06282,0.06,0.11
CCB_S3_20_Audit by user_Audit by user,103,3459,1583,7492,16776,24144,24,36457,0.000%,.06282,0.02,0.09
CCB_S3_21_User_+User,103,5446,1617,16564,19612,59047,21,67451,0.000%,.06352,0.64,0.16
CCB_S2_22_FacilityLevel1to2_FacilityLevel1to2,103,2735,102,7738,13837,44771,0,48935,0.000%,.06448,0.57,0.12
CCB_S2_23_FacilityLevel2to3_FacilityLevel2to3,103,2980,110,12975,16672,27753,0,61570,0.000%,.06539,0.58,0.12
CCB_S1_24_SA Type,103,9935,2087,27704,40083,86343,28,101090,1.942%,.06606,0.88,0.19
CCB_S1_25_Payment_AccountContextMenu_Payment,101,11564,2654,30294,42726,74641,237,104010,0.990%,.06778,1.15,0.33
CCB_S1_26_Billsegement_AccountContextMenu_BillSegment,100,25103,17331,56209,70312,138074,729,156633,0.000%,.06688,1.10,0.30
CCB_S4_27_SP/MeterInstallation_SP/MeterInstallation,99,8335,1892,22504,42265,53168,22,62819,0.000%,.06725,0.04,0.09
CCB_S3_28_AccessGroup_AccessGroup,98,2786,115,10264,15049,25703,0,30058,0.000%,.06699,0.56,0.13
CCB_S2_29_DISPLAYACTIVEBILLS_gotoactivebills,98,7097,4057,16680,21063,29621,0,77864,0.000%,.06819,0.76,0.28
CCB_S1_30_ControlCentral_PersonContextMenu_GotoControlCentral,97,45973,40884,104467,129861,143142,242,195418,0.000%,.06626,0.24,0.65
CCB_S1_31_CustomerContact_PersonContextMenu_CustomerContact,95,26130,17589,63665,70849,102038,76,107381,0.000%,.06513,0.08,0.25
CCB_S1_32_Case_PersonContextMenu_Case,93,226455,252359,332932,343883,351519,32873,358328,0.000%,.05768,0.45,0.19
CCB_S2_33_Statement_GotoStatement,77,40107,32243,83598,100721,113497,326,150172,1.299%,.05570,0.69,0.34
CCB_S2_34_Account Bill/Payment History_GotoAccount Bill/Payment History,76,44343,39425,74390,90352,118624,2148,156114,1.316%,.05388,0.58,0.21
CCB_S2_35_SABillingHistory_SABillingHistory,73,18375,9321,45775,59884,86196,108,94965,0.000%,.05217,0.39,0.14
CCB_S3_36_PaymentEvent_PaymentEvent,71,34318,24697,80491,87217,101770,151,147075,1.408%,.05101,0.11,0.19
CCB_S1_37_AccountPaymentHistory_AccountContextMenu_GotoPaymentHistory,66,26792,21118,53356,81748,90260,118,92295,1.515%,.04893,0.37,0.20
CCB_S3_38_StartStop_StartStop,65,23462,20026,48589,62550,66835,150,118579,0.000%,.04816,0.10,0.12
CCB_S1_40_CISDivision_CISDivision,61,9868,2225,27044,28890,58805,0,98870,0.000%,.04744,0.57,0.12
CCB_S1_41_Servicetype_ServiceType,61,10040,2146,28855,46270,50198,0,60193,0.000%,.04807,0.53,0.12
CCB_S2_42_LandlordAgreement_LandlordAgreement,60,9756,2079,28776,37095,58992,0,73337,1.667%,.04734,0.60,0.12
CCB_B_43_Batch Job Submission/Billing,59,10070,3209,28480,37858,52116,47,62968,0.000%,.04647,0.05,0.12
CCB_B_44_Batch Job Submission/Payment,59,9023,2379,32894,37165,39151,45,77453,0.000%,.04686,0.06,0.12
CCB_B_45_BatchRunTree_Batch Run Tree,57,8079,2114,24351,32902,46034,0,50231,0.000%,.04644,0.50,0.12
CCB_B_46_Batch Job Submission/Populate meter config,57,8377,3587,16673,37304,50144,41,54308,1.754%,.04636,0.05,0.12
CCB_B_47_Batch Job Submission/Populate meter read,56,7346,2267,18620,28598,33134,50,37486,0.000%,.04570,0.05,0.12
TOTAL,4051,19292,3214,50300,83064,305155,0,358328,0.321%,2.06099,24.96,10.02
